SpellChecker,Accuracy,Precision,Recall,F1-Score,Time
PySpellChecker,0.528,0.5638333333333333,0.528,0.5358025062656641,106.02894639968872
TextBlob,0.446,0.48133333333333334,0.446,0.455659649122807,106.0409460067749
SymSpell,0.518,0.5575,0.518,0.5283358395989975,106.053946018219
