Spell Checker,Accuracy,Processing Time (s),Words per Second,Error Patterns,Error Examples
PySpellChecker,0.36,15.717611312866211,6.362289918579513,{},{}
SymSpell,0.36,0.09578514099121094,1044.0032656962503,{},{}
TextBlob,0.34,8.62301778793335,11.596868110365648,{},{}
T5,0.0,91.74639916419983,1.0899610329232494,{},{}
phi-2,0.0,727.0497274398804,0.13754217383744083,{},{}
